time_period,total_load,cell_barring,cell_radius
0,54.09783983299103,1,90
1,54.17860062987596,1,80
2,54.2628236835112,1,70
3,54.33600447830884,1,60
4,41.10421495116425,0,60
5,42.37353594873222,0,70
6,42.43486407171285,0,80
7,42.48807726703296,0,90
8,42.55757952016653,0,100
9,42.6219963878109,0,110
