time_period,total_load,cell_barring,cell_radius
0,54.08649998497726,1,90
1,54.1721116486817,1,80
2,54.26329837993319,1,70
3,51.94640719876493,1,60
4,43.55994070218538,0,60
5,43.63672756637459,0,70
6,43.69932482365829,0,80
7,43.77567471746561,0,90
8,43.83477481546417,0,100
9,43.889509226268395,0,110
