time_period,total_load,cell_barring,cell_radius
0,54.08300364062538,1,90
1,54.16948123358651,1,80
2,54.25654581382544,1,70
3,49.51812925728447,1,60
4,42.3302090085616,0,60
5,42.408405608915764,0,70
6,42.49836642341304,0,80
7,42.56225500698831,0,90
8,42.623599244740085,0,100
9,42.694032681970086,0,110
