time_period,total_load,cell_barring,cell_radius
0,54.106412285401625,1,90
1,54.19205256799323,1,80
2,54.28194461869229,1,70
3,50.74295184930751,1,60
4,42.335130690724256,0,60
5,42.393743339863974,0,70
6,42.44444526664444,0,80
7,42.51301829897626,0,90
8,42.56420472931037,0,100
9,42.629311392982835,0,110
