time_period,total_load,cell_barring,cell_radius
0,54.086328475889076,1,90
1,54.18088694018103,1,80
2,53.05932356333508,1,70
3,49.50505892474608,1,60
4,41.13311750593243,0,60
5,41.1915480838376,0,70
6,41.260228256699754,0,80
7,41.31773772489021,0,90
8,41.37696888165304,0,100
9,41.42900925661631,0,110
