time_period,total_load,cell_barring,cell_radius
0,53.89101423417566,1,90
1,53.78124351439526,1,80
2,53.6622596166545,1,70
3,48.79864599349016,1,60
4,39.200217207591244,0,60
5,39.119063505130256,0,70
6,39.04652197009748,0,80
7,38.96248824702574,0,90
8,38.87851907009172,0,100
9,38.807509109147915,0,110
