time_period,total_load,cell_barring,cell_radius
0,53.648901545939964,1,90
1,53.32562346528631,1,80
2,53.00720604708702,1,70
3,47.99333074626176,1,60
4,43.06688998362954,0,60
5,42.81481663765142,0,70
6,42.548201641085804,0,80
7,42.30951962450132,0,90
8,42.09457189182326,0,100
9,41.853929787950214,0,110
