time_period,total_load,cell_barring,cell_radius
0,54.08516461268008,1,90
1,54.16957122815958,1,80
