time_period,total_load,cell_barring,cell_radius
0,53.88940946261114,1,90
1,53.771832831476786,1,80
