time_period,total_load,cell_barring,cell_radius
0,53.65520376359636,1,90
1,53.32832589304452,1,80
