time_period,total_load,cell_barring,cell_radius
0,54.09344884249844,1,90
1,54.1860247830685,1,80
