time_period,total_load,cell_barring,cell_radius
0,54.08409804711223,1,90
1,54.17553836792281,1,80
