time_period,total_load,cell_barring,cell_radius
0,54.10130288358368,1,90
1,54.189018628311025,1,80
