time_period,total_load,cell_barring,cell_radius
0,54.09137238791805,1,90
1,54.1796882680168,1,80
