time_period,total_load,cell_barring,cell_radius
0,53.895621357761264,1,90
1,116.93441151931464,1,80
2,171.99271099180055,1,70
