time_period,total_load,cell_barring,cell_radius
0,54.07472718329178,1,90
1,118.09799130779258,1,80
2,165.89829764151835,1,70
