time_period,total_load,cell_barring,cell_radius
0,54.07824047506155,1,90
1,115.62250011156692,1,80
2,168.35643553958897,1,70
