time_period,total_load,cell_barring,cell_radius
0,54.0712184680555,1,90
1,124.14646910127628,1,80
2,183.88956622690594,1,70
