time_period,total_load,cell_barring,cell_radius
0,54.09093843068978,1,90
1,115.84917657804782,1,80
2,180.66817441466392,1,70
