time_period,total_load,cell_barring,cell_radius
0,54.09031134341365,1,90
1,113.3934382953873,1,80
2,173.48891571016932,1,70
