time_period,total_load,cell_barring,cell_radius
0,53.69894274172647,1,90
1,110.63403694220497,1,80
2,169.92192555382394,1,70
