time_period,cat_id,pe_id,load
0,0,0,212.21408609505747
0,0,1,8420.014799446273
0,0,2,-2757.1740949499817
0,0,3,146.11274287002186
0,0,4,-636.6890454784468
