time_period,cat_id,pe_id,load
0,0,0,103.31274870279704
0,0,1,5705.524819809523
0,0,2,5098.162681615337
0,0,3,-380.60512435894043
0,0,4,3.9440942753193724
