time_period,cat_id,pe_id,load
0,0,0,-1524.3374917052972
0,0,1,-25464.603925974694
0,0,2,-12395.328130842778
0,0,3,-348.6931979014914
0,0,4,-10.930823119148329
