time_period,cat_id,pe_id,load
0,0,0,356.0031955996377
0,0,1,-8085.96745782287
0,0,2,-826.9558741613831
0,0,3,90.30583153253869
0,0,4,394.68292445776507
