time_period,cat_id,pe_id,load
0,0,0,-95.3180917239341
0,0,1,1143.3082978186185
0,0,2,13356.020201996309
0,0,3,-68.4910274337854
0,0,4,-634.613642538611
