time_period,cat_id,pe_id,load
0,0,0,943.8147451816963
0,0,1,-4425.271297315947
0,0,2,-10604.599967839573
0,0,3,134.75900278699294
0,0,4,1044.1268258169143
