time_period,cat_id,pe_id,load
0,0,0,39.31080785004289
0,0,1,22769.9947640391
0,0,2,8304.875184182069
0,0,3,433.61177250466363
0,0,4,-125.52033341379278
