time_period,total_load,cell_barring,cell_radius
0,54.08049119464985,1,90
1,106.05604327560809,1,80
2,156.0700107483768,1,70
3,203.28436179015185,1,60
4,223.1251417570994,1,50
5,187.57478785914049,1,50
6,199.1223338083459,1,50
7,220.20433635657568,1,50
8,249.80277191128044,1,50
9,279.86039215993844,1,50
10,309.6193342564445,1,50
