time_period,total_load,cell_barring,cell_radius
0,53.8921984798511,1,90
1,102.61310723177748,1,80
2,156.56534454773714,1,70
3,204.95714909361314,1,60
4,232.34314367425185,1,50
5,200.87513118992393,1,50
6,215.23132320493752,1,50
7,242.12765263976473,1,50
8,268.7497562254823,1,50
9,295.2997313125537,1,50
10,320.78491952238716,1,50
