time_period,total_load,cell_barring,cell_radius
0,54.10425491947659,1,90
1,116.9630247182149,1,80
2,180.1810992152867,1,70
3,220.24525476525233,1,60
4,248.82408047349577,1,50
5,238.34543649617999,1,50
6,261.02101299132187,1,50
7,300.64874709789245,1,50
8,341.33936096571625,1,50
9,383.1564552109196,1,50
10,424.14711943398913,1,50
