time_period,total_load,cell_barring,cell_radius
0,54.09072058061418,1,90
1,110.88312046667335,1,80
2,170.65549649004433,1,70
3,216.74013371101955,1,60
4,215.39454603741638,1,50
5,197.04077192711125,1,50
6,212.06434194793363,1,50
7,241.5444244502845,1,50
8,272.19937248286783,1,50
9,303.16887590142176,1,50
10,334.76395816258383,1,50
