time_period,total_load,cell_barring,cell_radius
0,53.674651218803525,1,90
1,114.55178344373378,1,80
2,158.05973960645326,1,70
3,189.42635540664722,1,60
4,205.2494781260054,1,50
5,155.00435734601564,1,50
6,140.32767404835562,1,50
7,155.4786739247829,1,50
8,167.8883890711088,1,50
9,181.71426360408358,1,50
10,195.38764807050416,1,50
