time_period,total_load,cell_barring,cell_radius
0,54.08653112243899,1,90
1,101.27969851518722,1,80
2,157.5335770163339,1,70
3,199.80818396216821,1,60
4,233.2646670800723,1,50
5,219.7422191802037,1,50
6,237.16690685032466,1,50
7,271.11691597515176,1,50
8,308.47020229939284,1,50
9,345.01981881449706,1,50
10,382.6489707580437,1,50
