time_period,total_load,cell_barring,cell_radius
0,54.07115248416576,1,90
1,103.57587331032326,1,80
2,151.19717918664549,1,70
3,189.7893156162606,1,60
4,195.75821423170544,1,50
5,192.26364448824643,1,50
6,208.17463398120935,1,50
7,239.75858161266694,1,50
8,272.1602887336793,1,50
9,303.07165879858235,1,50
10,334.52393395817035,1,50
