time_period,total_load,cell_barring,cell_radius
0,45.14383477321417,1,80
1,45.233816107096835,1,60
2,45.38725172399852,1,40
3,45.55984043630613,1,40
