time_period,total_load,cell_barring,cell_radius
0,45.04111447545512,1,80
1,45.206112989780245,1,60
2,45.34166708974772,1,40
3,45.51558648115367,1,40
