time_period,total_load,cell_barring,cell_radius
0,45.1775381932055,1,80
1,45.34134011618193,1,60
2,45.56014622052796,1,40
3,45.85114043555597,1,40
