time_period,total_load,cell_barring,cell_radius
0,45.17156759159245,1,80
1,45.295022680130856,1,60
2,45.45662085857309,1,40
3,45.656525359242856,1,40
