time_period,total_load,cell_barring,cell_radius
0,44.80558060973777,0,100
1,44.60432539238345,0,100
2,44.36346608855847,0,100
3,44.06781540677175,0,100
