time_period,total_load,cell_barring,cell_radius
0,45.154856996601225,1,80
1,45.320140529037566,1,60
2,45.47456117397384,1,40
3,45.726945766541064,1,40
