time_period,total_load,cell_barring,cell_radius
0,44.50550736019378,0,100
1,43.999242185389136,0,100
2,43.41628684462044,0,100
3,42.622146114428574,0,100
