time_period,total_load,cell_barring,cell_radius
0,54.08739128978256,1,90
1,54.18187216634192,1,80
