time_period,total_load,cell_barring,cell_radius
0,54.101933999131255,1,90
1,54.20053231978673,1,80
