time_period,total_load,cell_barring,cell_radius
0,53.63336774918497,1,90
1,53.27116118045313,1,80
