time_period,total_load,cell_barring,cell_radius
0,54.086958502800464,1,90
1,54.17507848982869,1,80
