time_period,total_load,cell_barring,cell_radius
0,53.89174540219796,1,90
1,53.79134335517859,1,80
