time_period,total_load,cell_barring,cell_radius
0,54.1031085096838,1,90
1,54.18831589662061,1,80
