time_period,total_load,cell_barring,cell_radius
0,54.09549454721897,1,90
1,54.19169659179028,1,80
