time_period,cat_id,pe_id,load
0,0,0,5.002453298466604
0,0,1,8.95783156350471
0,0,2,25.04945423406131
0,0,3,1.0037201942586138
0,0,4,5.002520980687644
