time_period,cat_id,pe_id,load
0,0,0,5.003565893475574
0,0,1,9.022779151185633
0,0,2,24.989814762444666
0,0,3,1.0010102289554463
0,0,4,5.003928343379806
