time_period,cat_id,pe_id,load
0,0,0,5.004912207603187
0,0,1,8.993430722214278
0,0,2,25.022721781311514
0,0,3,0.9997390823150378
0,0,4,5.000646265269107
