time_period,cat_id,pe_id,load
0,0,0,4.9851927723508105
0,0,1,9.102002503969878
0,0,2,24.91350452449794
0,0,3,0.9933913677610328
0,0,4,4.994833756040282
