time_period,cat_id,pe_id,load
0,0,0,4.995208533805407
0,0,1,8.95261695074858
0,0,2,24.954588964641967
0,0,3,0.9975049475046217
0,0,4,4.994880234891474
