time_period,cat_id,pe_id,load
0,0,0,5.003385002669649
0,0,1,8.989448878254741
0,0,2,25.05257225585247
0,0,3,1.0015029104401494
0,0,4,4.999324627809668
