time_period,cat_id,pe_id,load
0,0,0,5.005282291628773
0,0,1,8.981890230122177
0,0,2,25.01734347719014
0,0,3,1.0031312687650982
0,0,4,5.0038657919220215
