time_period,total_load,cell_barring,cell_radius
0,44.88745059638463,0,100
1,44.61618072405778,0,120
