time_period,cat_id,pe_id,load
0,0,0,5.003645798770788
0,0,1,9.123258571022925
0,0,2,25.004656109675
0,0,3,1.0025540540575177
0,0,4,5.004515819229285
1,0,0,5.008540849451966
1,0,1,9.119045566455195
1,0,2,25.103741638710336
1,0,3,1.0039891542138435
1,0,4,5.011735922917429
