time_period,cat_id,pe_id,load
0,0,0,5.003903727492811
0,0,1,9.086526502621373
0,0,2,25.0178785747169
0,0,3,1.0023253752954164
0,0,4,5.001365234827903
1,0,0,5.010308504662465
1,0,1,9.15517768379776
1,0,2,25.103624329700292
1,0,3,1.0044426849668537
1,0,4,5.008951383541351
