time_period,cat_id,pe_id,load
0,0,0,5.003642970594099
0,0,1,9.055998350473702
0,0,2,25.07582194401737
0,0,3,1.0010461446589387
0,0,4,5.002821118537571
1,0,0,5.010427335291956
1,0,1,9.15306692855575
1,0,2,25.141717741999415
1,0,3,1.0030247185949202
1,0,4,5.008346849448212
