time_period,total_load,cell_barring,cell_radius
0,45.139330528281675,1,80
1,45.316583573890256,1,80
