time_period,cat_id,pe_id,load
0,0,0,4.995452382062428
0,0,1,8.947007364732547
0,0,2,24.951624759423837
0,0,3,0.9977973673036404
0,0,4,4.995568722862182
1,0,0,4.990677944727826
1,0,1,8.807999549284702
1,0,2,24.834921549834554
1,0,3,0.9933678814096186
1,0,4,4.989213798801075
