time_period,total_load,cell_barring,cell_radius
0,45.13863035275552,1,80
1,45.247053131748764,1,80
