time_period,cat_id,pe_id,load
0,0,0,5.000280120656748
0,0,1,9.055545228823041
0,0,2,25.02970442351355
0,0,3,1.0015027432225772
0,0,4,5.002574176144212
1,0,0,5.005778527549814
1,0,1,9.095133055037978
1,0,2,25.115010892805426
1,0,3,1.0038238968849789
1,0,4,5.008261185352439
