time_period,total_load,cell_barring,cell_radius
0,44.48006492540631,0,100
1,44.018761647966485,0,120
