time_period,cat_id,pe_id,load
0,0,0,5.0036889076555475
0,0,1,9.068617016333224
0,0,2,25.076749226887152
0,0,3,1.001660365472246
0,0,4,5.002201973509164
1,0,0,5.007861929703543
1,0,1,9.11242565032411
1,0,2,25.159661593042618
1,0,3,1.0030506708292346
1,0,4,5.007908934137866
