time_period,cat_id,pe_id,load
0,0,0,4.989386092767577
0,0,1,8.663046965993185
0,0,2,24.843564961766198
0,0,3,0.993113949989663
0,0,4,4.990952954889684
1,0,0,4.966404908612427
1,0,1,8.557151566544508
1,0,2,24.541322253907367
1,0,3,0.9883009931005505
1,0,4,4.965581925801626
