time_period,total_load,cell_barring,cell_radius
0,45.08960669236013,1,80
1,45.22800755763063,1,80
