time_period,total_load,cell_barring,cell_radius
0,45.15291748985734,1,80
1,45.29090877803737,1,80
