time_period,total_load,cell_barring,cell_radius
0,45.1119994149544,1,80
1,45.28250458666872,1,80
