time_period,total_load,cell_barring,cell_radius
0,53.68422584911124,1,90
1,53.36452300716207,1,80
2,55.4582306227297,1,70
3,53.96883785037799,1,60
4,44.33370081972907,0,60
5,44.094737040895865,0,70
6,43.880785885711354,0,80
