time_period,total_load,cell_barring,cell_radius
0,54.07352869362441,1,90
1,54.16128353140126,1,80
2,55.44513159430589,1,70
3,50.702270293244545,1,60
4,41.112920818224914,0,60
5,41.18098040520116,0,70
6,41.236244320535086,0,80
