time_period,total_load,cell_barring,cell_radius
0,54.08551560661395,1,90
1,54.181500808204795,1,80
2,53.06105576203558,1,70
3,48.31409555022706,1,60
4,42.32254237246976,0,60
5,42.379789677574024,0,70
6,42.439695140579225,0,80
