time_period,total_load,cell_barring,cell_radius
0,54.09247514476072,1,90
1,54.182790884667135,1,80
2,53.05183812135789,1,70
3,51.930019556843774,1,60
4,41.103983873355354,0,60
5,41.151456581489654,0,70
6,41.207734421875905,0,80
