time_period,total_load,cell_barring,cell_radius
0,54.081949496825814,1,90
1,54.155117566095434,1,80
2,54.23181530754072,1,70
3,51.896363915573914,1,60
4,50.77090136015087,1,50
5,38.73605498207778,0,50
6,40.007934307410544,0,60
