time_period,total_load,cell_barring,cell_radius
0,54.10173803465152,1,90
1,54.19202685707099,1,80
2,53.076470551118696,1,70
3,48.31849602449027,1,60
4,37.48742427018576,0,60
5,37.54010120015165,0,70
6,37.58467372938144,0,80
