time_period,total_load,cell_barring,cell_radius
0,53.880567174412334,1,90
1,53.76275734539835,1,80
2,52.469164824684505,1,70
3,51.167117431318104,1,60
4,41.56336528871664,0,60
5,41.49024188080312,0,70
6,41.39864809083576,0,80
