time_period,total_load,cell_barring,cell_radius
0,54.08623626424167,1,90
1,54.17483782343233,1,80
