time_period,total_load,cell_barring,cell_radius
0,53.889049814748894,1,90
1,53.77522060027816,1,80
