time_period,total_load,cell_barring,cell_radius
0,53.6701443533489,1,90
1,53.31143937782302,1,80
