time_period,total_load,cell_barring,cell_radius
0,54.09527851236977,1,90
1,54.18694613201184,1,80
