time_period,total_load,cell_barring,cell_radius
0,54.07640611638412,1,90
1,54.17737152311227,1,80
