time_period,total_load,cell_barring,cell_radius
0,54.08983753684697,1,90
1,54.185813915013625,1,80
