time_period,total_load,cell_barring,cell_radius
0,54.09304740205964,1,90
1,54.18837062832873,1,80
