time_period,cat_id,pe_id,load
0,0,0,5.002291066043287
0,0,1,9.077356314545431
0,0,2,25.00622912768369
0,0,3,1.0010083106517151
0,0,4,5.0052016907703365
