time_period,cat_id,pe_id,load
0,0,0,4.982789758745118
0,0,1,8.85369656292709
0,0,2,24.9447290587372
0,0,3,0.9944624695247093
0,0,4,4.9803714490515425
