time_period,cat_id,pe_id,load
0,0,0,5.006446776624895
0,0,1,9.018279640550114
0,0,2,25.01868050138135
0,0,3,1.0017505613558295
0,0,4,5.0066120013768325
