time_period,cat_id,pe_id,load
0,0,0,5.003846671071168
0,0,1,9.036307151843483
0,0,2,25.03857137791986
0,0,3,1.0016167432772831
0,0,4,5.0035577016012835
