time_period,cat_id,pe_id,load
0,0,0,4.99596460804264
0,0,1,8.9111514800045
0,0,2,24.934949344977003
0,0,3,0.9977056469856154
0,0,4,4.995831182474814
