time_period,cat_id,pe_id,load
0,0,0,5.0063699009453
0,0,1,8.988412248504018
0,0,2,25.015415669223533
0,0,3,1.0022134526142161
0,0,4,5.006549829465777
