time_period,cat_id,pe_id,load
0,0,0,5.002291218527593
0,0,1,9.11479660162537
0,0,2,25.041424920077375
0,0,3,1.0012428155906312
0,0,4,5.001876145259414
