time_period,cat_id,pe_id,load
0,0,0,4.9916995560376405
0,0,1,8.85844960756535
0,0,2,24.84774564416125
0,0,3,0.9983046978643404
0,0,4,4.9851897826713945
1,0,0,4.980054555198385
1,0,1,8.456694550145619
1,0,2,24.58615474122484
1,0,3,0.9867015077595516
1,0,4,4.964935598980823
