time_period,total_load,cell_barring,cell_radius
0,45.057388639395015,1,80
1,45.25697827102667,1,80
