time_period,total_load,cell_barring,cell_radius
0,45.05054448832052,1,80
1,45.31956602162114,1,80
