time_period,cat_id,pe_id,load
0,0,0,5.000338823140707
0,0,1,9.013832163784965
0,0,2,25.03873351860781
0,0,3,1.0015716706463549
0,0,4,5.002912463215174
1,0,0,5.003735088378396
1,0,1,9.119864660179205
1,0,2,25.12045447157096
1,0,3,1.0049117394153573
1,0,4,5.008012311482754
