time_period,cat_id,pe_id,load
0,0,0,4.999993356091363
0,0,1,9.059548880045492
0,0,2,25.051584442117292
0,0,3,0.9996861753024964
0,0,4,5.004950707905748
1,0,0,5.002034727199551
1,0,1,9.089199556726786
1,0,2,25.160086939777376
1,0,3,1.0027345358236637
1,0,4,5.009675486119986
