time_period,cat_id,pe_id,load
0,0,0,4.995143496000268
0,0,1,8.946790953945541
0,0,2,24.96746285139353
0,0,3,0.9966717598194501
0,0,4,4.992560971949924
1,0,0,4.989606496887802
1,0,1,8.83396298891827
1,0,2,24.853929287440174
1,0,3,0.9930207267997363
1,0,4,4.986066630301164
