time_period,total_load,cell_barring,cell_radius
0,44.68138928829998,0,100
1,43.97454095330921,0,120
