time_period,total_load,cell_barring,cell_radius
0,44.89863003310872,0,100
1,44.656586130347144,0,120
