time_period,total_load,cell_barring,cell_radius
0,45.12960676407266,1,80
1,45.28140259904107,1,80
