time_period,total_load,cell_barring,cell_radius
0,45.066677225340726,1,80
1,45.247194779007415,1,80
