time_period,cat_id,pe_id,load
0,0,0,5.00320838580913
0,0,1,8.996720852103142
0,0,2,25.041964561941697
0,0,3,1.0008287496413522
0,0,4,5.007821938825201
1,0,0,5.007932576155895
1,0,1,9.132934777763714
1,0,2,25.1572284326967
1,0,3,1.0049123096669068
1,0,4,5.016557925337926
