time_period,cat_id,pe_id,load
0,0,0,5.005347280019028
0,0,1,9.034859798159745
0,0,2,25.022079848730723
0,0,3,1.0014417428459652
0,0,4,5.002948555585272
1,0,0,5.009698399632839
1,0,1,9.15884734826515
1,0,2,25.06787987305563
1,0,3,1.0040974046203441
1,0,4,5.006671753433453
