time_period,cat_id,pe_id,load
0,0,0,5.0042691029018656
0,0,1,9.089797744395765
0,0,2,25.030429133047704
0,0,3,1.0014952038800418
0,0,4,5.003615579847287
1,0,0,5.006938156547137
1,0,1,9.208496118001262
1,0,2,25.05426625423434
1,0,3,1.0036217759144404
1,0,4,5.008080294343896
