time_period,total_load,cell_barring,cell_radius
0,45.115763561462394,1,80
1,45.263731245647364,1,80
