time_period,cat_id,pe_id,load
0,0,0,4.995937867988051
0,0,1,8.870657890042642
0,0,2,24.978202810954908
0,0,3,1.000192985673357
0,0,4,4.996527346476086
