time_period,cat_id,pe_id,load
0,0,0,5.004596053978417
0,0,1,9.033061270445323
0,0,2,25.022500208166406
0,0,3,0.9990108164481828
0,0,4,5.003537078366689
