time_period,cat_id,pe_id,load
0,0,0,5.002637239945551
0,0,1,9.073640594542246
0,0,2,25.015827457878043
0,0,3,1.0026541581826218
0,0,4,5.00088634264113
