time_period,cat_id,pe_id,load
0,0,0,5.001136983985242
0,0,1,9.087484022885482
0,0,2,25.00654949745304
0,0,3,1.000855307757714
0,0,4,5.004227483274319
