time_period,cat_id,pe_id,load
0,0,0,4.989479944440416
0,0,1,8.854856265432819
0,0,2,24.92473982528669
0,0,3,0.9958999370733373
0,0,4,4.9852152991854375
