time_period,cat_id,pe_id,load
0,0,0,5.002555340864521
0,0,1,9.03338134146199
0,0,2,25.017078862822252
0,0,3,1.000996541864097
0,0,4,5.002679158854428
