time_period,cat_id,pe_id,load
0,0,0,5.0036565687978
0,0,1,9.046918615189501
0,0,2,25.03510133743866
0,0,3,1.0003902530006903
0,0,4,5.00692729120191
