time_period,total_load,cell_barring,cell_radius
0,54.09266142568489,1,90
1,54.18561097483801,1,80
2,54.27067257257822,1,70
3,54.36428276084807,1,60
4,44.77753584722829,0,60
5,44.85630001016497,0,60
6,44.94006129913217,0,60
