time_period,total_load,cell_barring,cell_radius
0,53.67388797222686,1,90
1,53.35013787522223,1,80
2,51.84440610946099,1,70
3,49.17473918044961,1,60
4,44.22248945775447,0,60
5,43.96615489730399,0,60
6,43.68759850675878,0,60
