time_period,total_load,cell_barring,cell_radius
0,54.07970936232049,1,90
1,54.155435952630114,1,80
2,54.22364748536208,1,70
3,51.89383362835128,1,60
4,42.28557420278774,0,60
5,42.330254603256336,0,60
6,42.382167906483794,0,60
