time_period,total_load,cell_barring,cell_radius
0,54.06888609211172,1,90
1,54.156953767366616,1,80
2,54.24846056312901,1,70
3,51.92766598226089,1,60
4,43.54446283626543,0,60
5,43.614624747965564,0,60
6,43.68041841240514,0,60
