time_period,total_load,cell_barring,cell_radius
0,53.89725681474016,1,90
1,53.782167268091264,1,80
2,53.66468151116107,1,70
3,51.17142254668055,1,60
4,41.57172940514833,0,60
5,41.48015755843626,0,60
6,41.39570441817323,0,60
