time_period,total_load,cell_barring,cell_radius
0,54.092558771758874,1,90
1,54.18167891491749,1,80
2,54.2873530725003,1,70
3,51.97097334371077,1,60
4,44.80450160623096,0,60
5,44.86809385583918,0,60
6,44.94695814587382,0,60
