time_period,total_load,cell_barring,cell_radius
0,54.09503956115693,1,90
1,54.18801524693422,1,80
2,54.264429758177855,1,70
3,51.89901976177969,1,60
4,43.54523717245523,0,60
5,43.627640788465094,0,60
6,43.7009819054928,0,60
