time_period,cat_id,pe_id,load
0,0,0,4.996790551135685
0,0,1,8.947310482436276
0,0,2,24.973201887531687
0,0,3,0.99680465410431
0,0,4,4.9972819230591785
