time_period,cat_id,pe_id,load
0,0,0,4.9854065243706
0,0,1,8.692027167561735
0,0,2,24.881534608840482
0,0,3,0.9967174083462516
0,0,4,4.983638463511278
