time_period,cat_id,pe_id,load
0,0,0,5.004012473561929
0,0,1,9.053890463506063
0,0,2,25.06826621050354
0,0,3,1.0018299970591114
0,0,4,5.0027232739269785
