time_period,cat_id,pe_id,load
0,0,0,5.001841689641378
0,0,1,9.073308946080557
0,0,2,25.022962784634224
0,0,3,1.0007579681020218
0,0,4,5.0047163824281595
