time_period,cat_id,pe_id,load
0,0,0,5.003185081492476
0,0,1,9.081084189105285
0,0,2,24.998219373303936
0,0,3,1.0015112044103667
0,0,4,5.004281536317402
