time_period,cat_id,pe_id,load
0,0,0,5.003007794757429
0,0,1,9.05254146499891
0,0,2,25.009252541829174
0,0,3,1.000210753464617
0,0,4,5.004053380344031
