time_period,cat_id,pe_id,load
0,0,0,5.005755885040503
0,0,1,9.099837286311175
0,0,2,25.04656259335695
0,0,3,1.002168014513322
0,0,4,5.003305040412975
