time_period,cat_id,pe_id,load
0,0,0,5.281468125292635
0,0,1,14.508975404813263
0,0,2,23.991964402665012
0,0,3,1.1635848130160016
0,0,4,5.353051758339256
