time_period,cat_id,pe_id,load
0,0,0,4.773506063250831
0,0,1,1.7611951136245843
0,0,2,22.697077624023635
0,0,3,0.8611283773573409
0,0,4,4.452029401167586
