time_period,cat_id,pe_id,load
0,0,0,4.889943909073968
0,0,1,14.925450626748315
0,0,2,27.06550155954702
0,0,3,1.087594015394905
0,0,4,5.095099646449762
