time_period,cat_id,pe_id,load
0,0,0,5.1687392043248
0,0,1,14.778378202874485
0,0,2,25.87001435889479
0,0,3,1.057742975330966
0,0,4,5.332691874632456
