time_period,cat_id,pe_id,load
0,0,0,5.476791178582916
0,0,1,23.04596528910932
0,0,2,31.912708637130688
0,0,3,1.2571466907669728
0,0,4,5.550755467812538
