time_period,cat_id,pe_id,load
0,0,0,3.5976148145970086
0,0,1,-24.789968821050426
0,0,2,15.299666085073234
0,0,3,0.34054866105710563
0,0,4,3.958526977981026
