time_period,cat_id,pe_id,load
0,0,0,5.8119367048778425
0,0,1,18.770004183880467
0,0,2,28.1630673326656
0,0,3,1.2322544670767075
0,0,4,5.257844873617373
