time_period,total_load,cell_barring,cell_radius
0,54.0873018671417,1,90
1,54.178931844672974,1,80
2,54.270575188024644,1,70
3,51.940273135807345,1,60
4,43.54653836595254,0,60
5,44.83941976292136,0,70
6,44.90030573927309,0,80
7,44.97536583341747,0,90
8,45.03715369972176,1,90
9,45.11839435174825,1,80
