time_period,total_load,cell_barring,cell_radius
0,54.10171465232331,1,90
1,54.18862982614131,1,80
2,54.285634191140886,1,70
3,53.169646417559385,1,60
4,45.985012703811435,1,50
5,30.288097016819894,0,50
6,30.3281937529259,0,60
7,30.37314732223723,0,70
8,30.413102455688513,0,80
9,30.443580576284344,0,90
