time_period,total_load,cell_barring,cell_radius
0,54.091184000369296,1,90
1,54.16709414829907,1,80
2,54.2283290086893,1,70
3,49.45830849775635,1,60
4,39.90675645668249,0,60
5,39.975913176446035,0,70
6,40.03758382034707,0,80
7,40.09301685253703,0,90
8,40.15932917439749,0,100
9,40.23570579417976,0,110
