time_period,total_load,cell_barring,cell_radius
0,54.0967918614069,1,90
1,54.1739171818936,1,80
2,53.04560378893619,1,70
3,53.11716319880494,1,60
4,48.345786145429365,1,50
5,39.94973485552356,0,50
6,40.01088928598111,0,60
7,40.066198218981185,0,70
8,40.120368234189705,0,80
9,40.16924771914713,0,90
