time_period,total_load,cell_barring,cell_radius
0,54.09041736898957,1,90
1,54.184888997149734,1,80
2,55.469551828786365,1,70
3,57.98506366291347,1,60
4,47.194554998270476,1,50
5,35.14573823507254,0,50
6,35.200525776342026,0,60
7,35.2645340891782,0,70
8,35.311537387418156,0,80
9,35.35566028535459,0,90
