time_period,total_load,cell_barring,cell_radius
0,53.89288608724818,1,90
1,53.785148772798124,1,80
2,53.68206292066493,1,70
3,52.38827717070233,1,60
4,41.59039378967238,0,60
5,41.51200115816196,0,70
6,41.41623439694654,0,80
7,41.33693222456832,0,90
8,41.251063572874585,0,100
9,41.18075672190084,0,110
