time_period,total_load,cell_barring,cell_radius
0,53.639704162521035,1,90
1,53.32138922904518,1,80
2,51.81914423344573,1,70
3,51.52099642584846,1,60
4,46.56932525707726,1,50
5,34.70349093978617,0,50
6,34.522358532889605,0,60
7,34.31104367545519,0,70
8,34.13354634361399,0,80
9,33.93396047989687,0,90
