time_period,total_load,cell_barring,cell_radius
0,45.093765095015684,1,80
1,45.26638950686947,1,80
