time_period,cat_id,pe_id,load
0,0,0,5.000437304504467
0,0,1,9.069922009824236
0,0,2,25.017861346440412
0,0,3,1.0015479365811164
0,0,4,5.0039964976654545
1,0,0,5.001404410056465
1,0,1,9.14371248699318
1,0,2,25.109230558366793
1,0,3,1.002723815612718
1,0,4,5.009318235840317
