time_period,total_load,cell_barring,cell_radius
0,45.14213753116647,1,80
1,45.25218316596863,1,80
