time_period,total_load,cell_barring,cell_radius
0,45.22632580177842,1,80
1,45.34070808883385,1,80
