time_period,cat_id,pe_id,load
0,0,0,4.993019851562192
0,0,1,8.617403694121622
0,0,2,24.804814389687508
0,0,3,0.9940828295682265
0,0,4,4.988953799675842
1,0,0,4.990202489825407
1,0,1,8.400772222009119
1,0,2,24.532288646383847
1,0,3,0.9904802415421502
1,0,4,4.971300685645703
