time_period,cat_id,pe_id,load
0,0,0,5.003484590134615
0,0,1,9.138849238883793
0,0,2,25.080172880329187
0,0,3,0.9998668757113806
0,0,4,5.003952216719439
1,0,0,5.005713919476135
1,0,1,9.195354151121403
1,0,2,25.13342178758693
1,0,3,1.0014322258423367
1,0,4,5.0047860048070465
