time_period,total_load,cell_barring,cell_radius
0,45.18127176797303,1,80
1,45.31897163487816,1,80
