time_period,total_load,cell_barring,cell_radius
0,44.84723308026278,0,100
1,44.6987941978234,0,120
