time_period,total_load,cell_barring,cell_radius
0,45.11099215918823,1,80
1,45.23790912022026,1,80
