time_period,cat_id,pe_id,load
0,0,0,5.00288252742906
0,0,1,9.080028103488539
0,0,2,25.02451846743369
0,0,3,1.002349060788026
0,0,4,5.001214000048912
1,0,0,5.00644009294369
1,0,1,9.12975113106551
1,0,2,25.087554299525458
1,0,3,1.0045560644225167
1,0,4,5.009607532263083
