time_period,cat_id,pe_id,load
0,0,0,5.003030454344871
0,0,1,9.106499377089419
0,0,2,25.029271841281446
0,0,3,1.0017850392070982
0,0,4,5.0015508192436355
1,0,0,5.004150682513705
1,0,1,9.149232355986168
1,0,2,25.086329807692646
1,0,3,1.0051179275574975
1,0,4,5.007352392218613
