time_period,cat_id,pe_id,load
0,0,0,4.993848836473505
0,0,1,8.88781763786347
0,0,2,24.969290599970634
0,0,3,0.9987775913745993
0,0,4,4.9974984145805745
1,0,0,4.984945023641086
1,0,1,8.82464327873958
1,0,2,24.90440726654811
1,0,3,0.9935568928994915
1,0,4,4.991241735995135
