time_period,cat_id,pe_id,load
0,0,0,5.003296435551291
0,0,1,9.099479938728928
0,0,2,25.074070474857116
0,0,3,1.0015906667695536
0,0,4,5.002834252066141
1,0,0,5.007143381543509
1,0,1,9.156534374085043
1,0,2,25.146767633896218
1,0,3,1.0021328321232905
1,0,4,5.0063934132301
