time_period,total_load,cell_barring,cell_radius
0,44.39827456461539,0,100
1,43.885044285406224,0,120
