time_period,cat_id,pe_id,load
0,0,0,5.450565554181179
0,0,1,11.819636762702741
0,0,2,29.314955850976
0,0,3,1.066753377802586
0,0,4,5.206680917754659
