time_period,cat_id,pe_id,load
0,0,0,4.336603775570003
0,0,1,1.313638257832281
0,0,2,16.748890109511127
0,0,3,0.8089403639333429
0,0,4,4.462747941383962
