time_period,cat_id,pe_id,load
0,0,0,2.8717357569432185
0,0,1,-11.00879408887111
0,0,2,17.707246115418332
0,0,3,0.240825538894711
0,0,4,4.151549273953053
