time_period,cat_id,pe_id,load
0,0,0,5.531481526976745
0,0,1,13.74114710131677
0,0,2,27.815674575935795
0,0,3,1.212353533558106
0,0,4,5.2026783103556005
