time_period,cat_id,pe_id,load
0,0,0,5.473746546370778
0,0,1,13.377491383735547
0,0,2,26.62866862718162
0,0,3,1.2684313422708953
0,0,4,5.42901420954336
