time_period,cat_id,pe_id,load
0,0,0,5.5851548754764515
0,0,1,17.77577499826295
0,0,2,26.792708708521364
0,0,3,1.2409555279114817
0,0,4,5.523831087151187
