time_period,cat_id,pe_id,load
0,0,0,5.7507119644816225
0,0,1,15.981105585020808
0,0,2,29.991856012455766
0,0,3,1.1617403156288775
0,0,4,5.023498259858176
