time_period,cat_id,pe_id,load
0,0,0,200.02586968901883
0,0,1,646.6587139676556
0,0,2,2121.735620914772
0,0,3,40.041723722912266
0,0,4,199.96513352686517
0,1,0,160.18229282499956
0,1,1,724.7677554599198
0,1,2,2881.0482480524797
0,1,3,40.07656705166478
0,1,4,200.16757348066085
0,2,0,120.08845525327092
0,2,1,804.1303360554302
0,2,2,3607.8078260119382
0,2,3,39.9583557614164
0,2,4,240.1653546872625
