time_period,cat_id,pe_id,load
0,0,0,200.08635114368033
0,0,1,646.9407107981896
0,0,2,2120.5289120383068
0,0,3,40.10868055672851
0,0,4,200.15509743629485
0,1,0,160.04686477303954
0,1,1,724.2171492572684
0,1,2,2882.016325055975
0,1,3,40.08869595184457
0,1,4,200.00902505327832
0,2,0,120.18302681315723
0,2,1,803.5918469712194
0,2,2,3606.565977446376
0,2,3,40.01880119946097
0,2,4,240.23478274886656
