time_period,cat_id,pe_id,load
0,0,0,200.0605851981936
0,0,1,644.5105064890274
0,0,2,2124.3427097071144
0,0,3,40.109372298057494
0,0,4,200.03797326544597
0,1,0,160.07074734048373
0,1,1,724.8794901811802
0,1,2,2884.117380145162
0,1,3,40.113925704019465
0,1,4,200.1208367196479
0,2,0,120.08137417924695
0,2,1,806.394588538215
0,2,2,3606.7380445835556
0,2,3,40.11799551048283
0,2,4,240.23315936577495
