time_period,cat_id,pe_id,load
0,0,0,199.71340627653885
0,0,1,621.6544293952724
0,0,2,2108.065793757803
0,0,3,39.73733602594705
0,0,4,199.72698178440342
0,1,0,159.65727916711754
0,1,1,695.8858977529472
0,1,2,2868.2713930013706
0,1,3,39.61090894778925
0,1,4,199.5248119237845
0,2,0,119.7143115310721
0,2,1,787.1007587237029
0,2,2,3575.3942650458107
0,2,3,39.895364038541395
0,2,4,239.15441096275293
