time_period,cat_id,pe_id,load
0,0,0,200.17055079860432
0,0,1,643.077734233769
0,0,2,2124.549959516157
0,0,3,40.01725621369471
0,0,4,200.1825454671101
0,1,0,160.09105700607162
0,1,1,727.6278937094899
0,1,2,2885.3188718086694
0,1,3,40.13090888417107
0,1,4,200.21311207447084
0,2,0,120.02044569645736
0,2,1,801.323259800628
0,2,2,3604.799362741044
0,2,3,40.01147660207343
0,2,4,240.18614540081913
