time_period,cat_id,pe_id,load
0,0,0,200.10302802091232
0,0,1,641.8694303771332
0,0,2,2124.4956536433388
0,0,3,40.06686167336957
0,0,4,199.96295036510955
0,1,0,160.11134667338996
0,1,1,725.1881311015127
0,1,2,2883.1936585886333
0,1,3,40.057231264221414
0,1,4,200.22303497309315
0,2,0,119.97834931662752
0,2,1,799.9554498571343
0,2,2,3608.264019785266
0,2,3,40.07309531620269
0,2,4,240.26982317005155
