time_period,total_load,cell_barring,cell_radius
0,53.88086851310073,1,90
1,53.77233895429647,1,80
2,52.46998032698978,1,70
3,51.17442108011431,1,60
4,41.57849153531554,0,60
5,41.49128054293003,0,70
6,41.41243672612483,0,80
7,41.33075763828434,0,90
8,41.24756235030925,0,100
