time_period,total_load,cell_barring,cell_radius
0,54.10083620706645,1,90
1,54.19259991943983,1,80
2,54.28617174162152,1,70
3,54.36601704005038,1,60
4,50.82117305822527,1,50
5,38.76948976107519,0,50
6,38.82690342262128,0,60
7,38.893922177376865,0,70
8,38.950939654232855,0,80
