time_period,total_load,cell_barring,cell_radius
0,54.08477218089231,1,90
1,54.16864698141836,1,80
2,54.252188052169174,1,70
3,51.92888009152811,1,60
4,45.9621464653033,1,50
5,33.925021935860805,0,50
6,33.969634863469665,0,60
7,34.017824048722886,0,70
8,34.058347358428655,0,80
