time_period,total_load,cell_barring,cell_radius
0,54.09079301191275,1,90
1,54.18029600232614,1,80
2,54.26125259469545,1,70
3,50.72483318059368,1,60
4,41.11800973547286,0,60
5,41.180874012341405,0,70
6,41.247944274619975,0,80
7,41.29975311710622,0,90
8,41.35021226235559,0,100
