time_period,total_load,cell_barring,cell_radius
0,54.08767116281592,1,90
1,54.18267992806817,1,80
2,54.27027890368685,1,70
3,51.93673966223123,1,60
4,43.548689333642415,0,60
5,43.61937313277364,0,70
6,43.6819080056562,0,80
7,43.74120973447828,0,90
8,43.801908909348995,0,100
