time_period,total_load,cell_barring,cell_radius
0,54.09105890968985,1,90
1,54.1930273897873,1,80
2,54.27814231407096,1,70
3,53.14283792551841,1,60
4,45.97278541991775,1,50
5,36.352770532431805,0,50
6,37.62616933101172,0,60
7,38.925341003416634,0,70
8,40.24834574149339,0,80
