time_period,total_load,cell_barring,cell_radius
0,53.664000014522045,1,90
1,53.31041082466373,1,80
2,52.99047870918299,1,70
3,49.17392247474977,1,60
4,44.204587971987905,0,60
5,43.93792779897426,0,70
6,43.684151582777716,0,80
7,43.43292898748474,0,90
8,43.211946231697155,0,100
