time_period,total_load,cell_barring,cell_radius
0,54.0873682788217,1,90
1,54.18328247211773,1,80
2,54.270303806905,1,70
3,49.522825599339434,1,60
4,42.34593549648828,0,60
5,42.41558907512822,0,70
6,42.476067478836136,0,80
7,42.53646415195819,0,90
8,42.60477802451134,0,100
9,42.66588102806184,0,110
