time_period,total_load,cell_barring,cell_radius
0,54.098150460772366,1,90
1,54.167994805131606,1,80
2,53.047804999848715,1,70
3,53.14014942337753,1,60
4,47.17882729740393,1,50
5,32.710391768555795,0,50
6,32.76391649657551,0,60
7,32.81683317148042,0,70
8,32.85850328443169,0,80
9,32.902692717066515,0,90
