time_period,total_load,cell_barring,cell_radius
0,54.09522103498547,1,90
1,54.17512852803654,1,80
2,54.25654343215914,1,70
3,54.34935169738006,1,60
4,49.59184272304289,1,50
5,36.33434571913072,0,50
6,36.39605210803772,0,60
7,36.448436705506246,0,70
8,36.49591307666348,0,80
9,36.537320542497845,0,90
