time_period,total_load,cell_barring,cell_radius
0,54.09376449388813,1,90
1,54.18231732569181,1,80
2,53.05214392902112,1,70
3,51.91928632352329,1,60
4,43.52687547509778,0,60
5,43.58247752368316,0,70
6,43.63821903409253,0,80
7,43.70416107042268,0,90
8,43.760992394872396,0,100
9,43.813827460102985,0,110
