time_period,total_load,cell_barring,cell_radius
0,53.88578450833883,1,90
1,53.77874935642071,1,80
2,54.86867835224465,1,70
3,50.0089581826229,1,60
4,42.768300585331204,0,60
5,42.678794920548036,0,70
6,42.59562148603776,0,80
7,42.50351783915298,0,90
8,42.414897566180315,0,100
9,42.328249260647105,0,110
