time_period,total_load,cell_barring,cell_radius
0,53.65140895809203,1,90
1,53.34005183845372,1,80
2,51.857265961364945,1,70
3,50.36929952168473,1,60
4,44.25249940582717,0,60
5,44.00251484838511,0,70
6,43.72737991707577,0,80
7,43.49104069482324,0,90
8,43.26537571682448,0,100
9,43.03903527942436,0,110
