time_period,total_load,cell_barring,cell_radius
0,54.08830226510147,1,90
1,54.17247567414786,1,80
2,54.25971507933423,1,70
3,48.30504180626974,1,60
4,42.333596606245855,0,60
5,42.40040226040459,0,70
6,42.47863284167724,0,80
7,42.53164087690167,0,90
8,42.592676335596195,0,100
9,42.66732746317335,0,110
