time_period,cat_id,pe_id,load
0,0,0,5.006481380613805
0,0,1,9.025341002210947
0,0,2,25.040951337088792
0,0,3,1.001994827467024
0,0,4,5.003085233982571
