time_period,cat_id,pe_id,load
0,0,0,4.994708583499996
0,0,1,8.941083010335632
0,0,2,24.962454410711263
0,0,3,0.9978236785555697
0,0,4,4.997672374141848
