time_period,cat_id,pe_id,load
0,0,0,4.979793979376244
0,0,1,8.752131232443041
0,0,2,24.818308990271106
0,0,3,0.9925684583934928
0,0,4,4.98526522642354
