time_period,cat_id,pe_id,load
0,0,0,5.004471448492229
0,0,1,9.115632811632793
0,0,2,25.052942950119267
0,0,3,1.002439321122179
0,0,4,5.004024383025438
