time_period,cat_id,pe_id,load
0,0,0,5.003294782300964
0,0,1,9.077216743185827
0,0,2,25.069635688989287
0,0,3,1.0022842584143878
0,0,4,5.001721241919219
