time_period,cat_id,pe_id,load
0,0,0,5.008727418601204
0,0,1,9.079734606951959
0,0,2,25.030354079802745
0,0,3,1.0009060857056093
0,0,4,5.004203220922736
