time_period,cat_id,pe_id,load
0,0,0,5.002522407115555
0,0,1,9.008860593239797
0,0,2,25.025352543017533
0,0,3,1.0019833703417373
0,0,4,5.00402831958465
